id,City
0,Cigne
1,Cigne
2,Cigne
3,Cigne
4,Cigne
5,Cigne
6,Cigne
7,Cigne
8,Cigne
9,Cigne
10,Cigne
11,Cigne
12,Cigne
13,Cigne
14,Cigne
15,Cigne
16,Cigne
17,Cigne
18,Cigne
19,Cigne
20,Cigne
21,Cigne
22,Cigne
23,Cigne
24,Cigne
25,Cigne
26,Cigne
27,Cigne
28,Cigne
29,Cigne
30,Cigne
31,Cigne
32,Cigne
33,Cigne
34,Cigne
35,Cigne
36,Cigne
37,Cigne
38,Cigne
39,Cigne
40,Cigne
41,Cigne
42,Cigne
43,Cigne
44,Cigne
45,Cigne
46,Cigne
47,Cigne
48,Cigne
49,Cigne
50,Cigne
51,Cigne
52,Cigne
53,Cigne
54,Cigne
55,Cigne
56,Cigne
57,Cigne
58,Cigne
59,Cigne
60,Cigne
61,Cigne
62,Cigne
63,Cigne
64,Cigne
65,Cigne
66,Cigne
67,Cigne
68,Cigne
69,Cigne
70,Cigne
71,Cigne
72,Cigne
73,Cigne
74,Cigne
75,Cigne
76,Cigne
77,Cigne
78,Cigne
79,Cigne
80,Cigne
81,Cigne
82,Cigne
83,Cigne
84,Cigne
85,Cigne
86,Cigne
87,Cigne
88,Cigne
89,Cigne
90,Cigne
91,Cigne
92,Cigne
93,Cigne
94,Cigne
95,Cigne
96,Cigne
97,Cigne
98,Cigne
99,Cigne
100,Cigne
101,Cigne
102,Cigne
103,Cigne
104,Cigne
105,Cigne
106,Cigne
107,Cigne
108,Cigne
109,Cigne
110,Cigne
111,Cigne
112,Cigne
113,Cigne
114,Cigne
115,Cigne
116,Cigne
117,Cigne
118,Cigne
119,Cigne
120,Cigne
121,Cigne
122,Cigne
123,Cigne
124,Cigne
125,Cigne
126,Cigne
127,Cigne
128,Cigne
129,Cigne
130,Cigne
131,Cigne
132,Cigne
133,Cigne
134,Cigne
135,Cigne
136,Cigne
137,Cigne
138,Cigne
139,Cigne
140,Cigne
141,Cigne
142,Cigne
143,Cigne
144,Cigne
145,Cigne
146,Cigne
147,Cigne
148,Cigne
149,Cigne
150,Cigne
151,Cigne
152,Cigne
153,Cigne
154,Cigne
155,Cigne
156,Cigne
157,Cigne
158,Cigne
159,Cigne
160,Cigne
161,Cigne
162,Cigne
163,Cigne
164,Cigne
165,Cigne
166,Cigne
167,Cigne
168,Cigne
169,Cigne
170,Cigne
171,Cigne
172,Cigne
173,Cigne
174,Cigne
175,Cigne
176,Cigne
177,Cigne
178,Cigne
179,Cigne
180,Cigne
181,Cigne
182,Cigne
183,Cigne
184,Cigne
185,Cigne
186,Cigne
187,Cigne
188,Cigne
189,Cigne
190,Cigne
191,Cigne
192,Cigne
193,Cigne
194,Cigne
195,Cigne
196,Cigne
197,Cigne
198,Cigne
199,Cigne
200,Cigne
201,Cigne
202,Cigne
203,Cigne
204,Cigne
205,Cigne
206,Cigne
207,Cigne
208,Cigne
209,Cigne
210,Cigne
211,Cigne
212,Cigne
213,Cigne
214,Cigne
215,Cigne
216,Cigne
217,Cigne
218,Cigne
219,Cigne
220,Cigne
221,Cigne
222,Cigne
223,Cigne
224,Cigne
225,Cigne
226,Cigne
227,Cigne
228,Cigne
229,Cigne
230,Cigne
231,Cigne
232,Cigne
233,Illkirch3
234,Illkirch3
235,Illkirch3
236,Illkirch3
237,Illkirch3
238,Illkirch3
239,Illkirch3
240,Illkirch3
241,Illkirch3
242,Illkirch3
243,Illkirch3
244,Illkirch3
245,Illkirch3
246,Illkirch3
247,Illkirch3
248,Illkirch3
249,Illkirch3
250,Illkirch3
251,Illkirch3
252,Illkirch3
253,Illkirch3
254,Illkirch3
255,Illkirch3
256,Illkirch3
257,Illkirch3
258,Illkirch3
259,Illkirch3
260,Illkirch3
261,Illkirch3
262,Illkirch3
263,Illkirch3
264,Illkirch3
265,Illkirch3
266,Illkirch3
267,Illkirch3
268,Illkirch3
269,Illkirch3
270,Illkirch3
271,Illkirch3
272,Illkirch3
273,Illkirch3
274,Illkirch3
275,Illkirch3
276,Illkirch3
277,Illkirch3
278,Illkirch3
279,Illkirch3
280,Illkirch3
281,Illkirch3
282,Illkirch3
283,Illkirch3
284,Illkirch3
285,Illkirch3
286,Illkirch3
287,Illkirch3
288,Illkirch3
289,Illkirch3
290,Illkirch3
291,Illkirch3
292,Illkirch3
293,Illkirch3
294,Illkirch3
295,Illkirch3
296,Illkirch3
297,Illkirch3
298,Illkirch3
299,Illkirch3
300,Illkirch3
301,Illkirch3
302,Illkirch3
303,Illkirch3
304,Illkirch3
305,Illkirch3
306,Illkirch3
307,Illkirch3
308,Illkirch3
309,Illkirch3
310,Illkirch3
311,Illkirch3
312,Illkirch3
313,Illkirch3
314,Illkirch3
315,Illkirch3
316,Illkirch3
317,Illkirch3
318,Illkirch3
319,Illkirch3
320,Illkirch3
321,Illkirch3
322,Illkirch3
323,Illkirch3
324,Illkirch3
325,Illkirch3
326,Illkirch3
327,Illkirch3
328,Illkirch3
329,Illkirch3
330,Illkirch3
331,Illkirch3
332,Illkirch3
333,Illkirch3
334,Illkirch3
335,Illkirch3
336,Illkirch3
337,Illkirch3
338,Illkirch3
339,Illkirch3
340,Illkirch3
341,Illkirch3
342,Illkirch3
343,Illkirch3
344,Illkirch3
345,Illkirch3
346,Illkirch3
347,Illkirch3
348,Illkirch3
349,Illkirch3
350,Illkirch3
351,Illkirch3
352,Illkirch3
353,Illkirch3
354,Illkirch3
355,Illkirch3
356,Illkirch3
357,Illkirch3
358,Illkirch3
359,Illkirch3
360,Illkirch3
361,Illkirch3
362,Illkirch3
363,Illkirch3
364,Illkirch3
365,Illkirch3
366,Illkirch3
367,Illkirch3
368,Illkirch3
369,Illkirch3
370,Illkirch3
371,Illkirch3
372,Illkirch3
373,Illkirch3
374,Illkirch3
375,Illkirch3
376,Illkirch3
377,Illkirch3
378,Illkirch3
379,Illkirch3
380,Illkirch3
381,Illkirch3
382,Illkirch3
383,Illkirch3
384,Illkirch3
385,Illkirch3
386,Illkirch3
387,Illkirch3
388,Illkirch3
389,Illkirch3
390,Illkirch3
391,Illkirch3
392,Illkirch3
393,Illkirch3
394,Illkirch3
395,Illkirch3
396,Illkirch3
397,Illkirch3
398,Illkirch3
399,Illkirch3
400,Illkirch3
401,Illkirch3
402,Illkirch3
403,Illkirch3
404,Illkirch3
405,Illkirch3
406,Illkirch3
407,Illkirch3
408,Illkirch3
409,Illkirch3
410,Illkirch3
411,Illkirch3
412,Illkirch3
413,Illkirch3
414,Illkirch3
415,Illkirch3
416,Illkirch3
417,Illkirch3
418,Illkirch3
419,Illkirch3
420,Illkirch3
421,Illkirch3
422,Illkirch3
423,Illkirch3
424,Illkirch3
425,Illkirch3
426,Illkirch3
427,Illkirch3
428,Illkirch3
429,Illkirch3
430,Illkirch3
431,Illkirch3
432,Illkirch3
433,Illkirch3
434,Illkirch3
435,Illkirch3
436,Illkirch3
437,Illkirch3
438,Illkirch3
439,Illkirch3
440,Illkirch3
441,Illkirch3
442,Illkirch3
443,Illkirch3
444,Illkirch3
445,Illkirch3
446,Illkirch3
447,Illkirch3
448,Illkirch3
449,Illkirch3
450,Illkirch3
451,Illkirch3
452,Illkirch3
453,Illkirch3
454,Illkirch3
455,Illkirch3
456,Illkirch3
457,Illkirch3
458,Illkirch3
459,Illkirch3
460,Illkirch3
461,Illkirch3
462,Illkirch3
463,Illkirch3
464,Illkirch3
465,Illkirch3
466,Illkirch3
467,Illkirch3
468,Illkirch3
469,Illkirch3
470,Illkirch3
471,Illkirch3
472,Illkirch3
473,Illkirch3
474,Illkirch3
475,Illkirch3
476,Illkirch3
477,Illkirch3
478,Illkirch3
479,Illkirch3
480,Illkirch3
481,Illkirch3
482,Illkirch3
483,Illkirch3
484,Illkirch3
485,Illkirch3
486,Illkirch3
487,Illkirch3
488,Illkirch3
489,Illkirch3
490,Illkirch3
491,Illkirch3
492,Illkirch3
493,Illkirch3
494,Illkirch3
495,Illkirch3
496,Illkirch3
497,Illkirch3
498,Illkirch3
499,Illkirch3
500,Illkirch3
501,Illkirch3
502,Illkirch3
503,Illkirch3
504,Illkirch3
505,Illkirch3
506,Illkirch3
507,Illkirch3
508,Illkirch3
509,Illkirch3
510,Illkirch3
511,Illkirch3
512,Illkirch3
513,Illkirch3
514,Illkirch3
515,Illkirch3
516,Illkirch3
517,Illkirch3
518,Illkirch3
519,Illkirch3
520,Illkirch3
521,Illkirch3
522,Illkirch3
523,Illkirch3
524,Illkirch3
525,Illkirch3
526,Illkirch3
527,Illkirch3
528,Illkirch3
529,Illkirch3
530,Illkirch3
531,Illkirch3
532,Illkirch3
533,Illkirch3
534,Illkirch3
535,Illkirch3
536,Illkirch3
537,Illkirch3
538,Illkirch3
539,Illkirch3
540,Illkirch3
541,Illkirch3
542,Illkirch3
543,Illkirch3
544,Illkirch3
545,Illkirch3
546,Illkirch3
547,Illkirch3
548,Illkirch3
549,Illkirch3
550,Illkirch3
551,Illkirch3
552,Illkirch3
553,Illkirch3
554,Illkirch3
555,Illkirch3
556,Illkirch3
557,Illkirch3
558,Illkirch3
559,Illkirch3
560,Illkirch3
561,Illkirch3
562,Illkirch3
563,Illkirch3
564,Illkirch3
565,Illkirch3
566,Illkirch3
567,Illkirch3
568,Illkirch3
569,Illkirch3
570,Illkirch3
571,Illkirch3
572,Illkirch3
573,Illkirch3
574,Illkirch3
575,Illkirch3
576,Illkirch3
577,Illkirch3
578,Illkirch3
579,Illkirch3
580,Illkirch3
581,Illkirch3
582,Illkirch3
583,Illkirch3
584,Illkirch3
585,Illkirch3
586,Illkirch3
587,Illkirch3
588,Illkirch3
589,Illkirch3
590,Illkirch3
591,Illkirch3
592,Illkirch3
593,Illkirch3
594,Illkirch3
595,Illkirch3
596,Illkirch3
597,Illkirch3
598,Illkirch3
599,Illkirch3
600,Illkirch3
601,Illkirch3
602,Illkirch3
603,Illkirch3
604,Illkirch3
605,Illkirch3
606,Illkirch3
607,Illkirch3
608,Illkirch3
609,Illkirch3
610,Illkirch3
611,Illkirch3
612,Illkirch3
613,Illkirch3
614,Illkirch3
615,Illkirch3
616,Illkirch3
617,Illkirch3
618,Illkirch3
619,Illkirch3
620,Illkirch3
621,Illkirch3
622,Illkirch3
623,Illkirch3
624,Illkirch3
625,Illkirch3
626,Illkirch3
627,Illkirch3
628,Illkirch3
629,Illkirch3
630,Illkirch3
631,Illkirch3
632,Illkirch3
633,Illkirch3
634,Illkirch3
635,Illkirch3
636,Illkirch3
637,Illkirch3
638,Illkirch3
639,Illkirch3
640,Illkirch3
641,Illkirch3
642,Illkirch3
643,Illkirch3
644,Illkirch3
645,Illkirch3
646,Illkirch3
647,Illkirch3
648,Illkirch3
649,Illkirch3
650,Illkirch3
651,Illkirch3
652,Illkirch3
653,Illkirch3
654,Illkirch3
655,Illkirch3
656,Illkirch3
657,Illkirch3
658,Illkirch3
659,Illkirch3
660,Illkirch3
661,Illkirch3
662,Illkirch3
663,Illkirch3
664,Illkirch3
665,Illkirch3
666,Illkirch3
667,Illkirch3
668,Illkirch3
669,Illkirch3
670,Illkirch3
671,Illkirch3
672,Illkirch3
673,Illkirch3
674,Illkirch3
675,Illkirch3
676,Illkirch3
677,Illkirch3
678,Illkirch3
679,Illkirch3
680,Illkirch3
681,Illkirch3
682,Illkirch3
683,Illkirch3
684,Illkirch3
685,Illkirch3
686,Illkirch3
687,Illkirch3
688,Illkirch3
689,Illkirch3
690,Illkirch3
691,Illkirch3
692,Illkirch3
693,Illkirch3
694,Illkirch3
695,Illkirch3
696,Illkirch3
697,Illkirch3
698,Illkirch3
699,Illkirch3
700,Illkirch3
701,Illkirch3
702,Illkirch3
703,Illkirch3
704,Illkirch3
705,Illkirch3
706,Illkirch3
707,Illkirch3
708,Illkirch3
709,Illkirch3
710,Illkirch3
711,Illkirch3
712,Illkirch3
713,Illkirch3
714,Illkirch3
715,Illkirch3
716,Illkirch3
717,Illkirch3
718,Illkirch3
719,Illkirch3
720,Illkirch3
721,Illkirch3
722,Illkirch3
723,Illkirch3
724,Illkirch3
725,Illkirch3
726,Illkirch3
727,Illkirch3
728,Illkirch3
729,Illkirch3
730,Illkirch3
731,Illkirch3
732,Illkirch3
733,Illkirch3
734,Illkirch3
735,Illkirch3
736,Illkirch3
737,Illkirch3
738,Illkirch3
739,Illkirch3
740,Illkirch3
741,Illkirch3
742,Illkirch3
743,Illkirch3
744,Illkirch3
745,Illkirch3
746,Illkirch3
747,Illkirch3
748,Illkirch3
749,Illkirch3
750,Illkirch3
751,Illkirch3
752,Illkirch3
753,Illkirch3
754,Illkirch3
755,Illkirch3
756,Illkirch3
757,Illkirch3
758,Illkirch3
759,Illkirch3
760,Illkirch3
761,Illkirch3
762,Illkirch3
763,Illkirch3
764,Illkirch3
765,Illkirch3
766,Illkirch3
767,Illkirch3
768,Illkirch3
769,Illkirch3
770,Illkirch3
771,Illkirch3
772,Illkirch3
773,Illkirch3
774,Illkirch3
775,Illkirch3
776,Illkirch3
777,Illkirch3
778,Illkirch3
779,Illkirch3
780,Illkirch3
781,Illkirch3
782,Illkirch3
783,Illkirch3
784,Illkirch3
785,Illkirch3
786,Illkirch3
787,Illkirch3
788,Illkirch3
789,Illkirch3
790,Illkirch3
791,Illkirch3
792,Illkirch3
793,Illkirch3
794,Illkirch3
795,Illkirch3
796,Illkirch3
797,Illkirch3
798,Illkirch3
799,Illkirch3
800,Illkirch3
801,Illkirch3
802,Illkirch3
803,Illkirch3
804,Illkirch3
805,Illkirch3
806,Illkirch3
807,Illkirch3
808,Illkirch3
809,Illkirch3
810,Illkirch3
811,Illkirch3
812,Illkirch3
813,Illkirch3
814,Illkirch3
815,Illkirch3
816,Illkirch3
817,Illkirch3
818,Illkirch3
819,Illkirch3
820,Illkirch3
821,Illkirch3
822,Illkirch3
823,Illkirch3
824,Illkirch3
825,Illkirch3
826,Illkirch3
827,Illkirch3
828,Illkirch3
829,Illkirch3
830,Illkirch3
831,Illkirch3
832,Illkirch3
833,Illkirch3
834,Illkirch3
835,Illkirch3
836,Illkirch3
837,Illkirch3
838,Illkirch3
839,Illkirch8
840,Illkirch8
841,Illkirch8
842,Illkirch8
843,Illkirch8
844,Illkirch8
845,Illkirch8
846,Illkirch8
847,Illkirch8
848,Illkirch8
849,Illkirch8
850,Illkirch8
851,Illkirch8
852,Illkirch8
853,Illkirch8
854,Illkirch8
855,Illkirch8
856,Illkirch8
857,Illkirch8
858,Illkirch8
859,Illkirch8
860,Illkirch8
861,Illkirch8
862,Illkirch8
863,Illkirch8
864,Illkirch8
865,Illkirch8
866,Illkirch8
867,Illkirch8
868,Illkirch8
869,Illkirch8
870,Illkirch8
871,Illkirch8
872,Illkirch8
873,Illkirch8
874,Illkirch8
875,Illkirch8
876,Illkirch8
877,Illkirch8
878,Illkirch8
879,Illkirch8
880,Illkirch8
881,Illkirch8
882,Illkirch8
883,Illkirch8
884,Illkirch8
885,Illkirch8
886,Illkirch8
887,Illkirch8
888,Illkirch8
889,Illkirch8
890,Illkirch8
891,Illkirch8
892,Illkirch8
893,Illkirch8
894,Illkirch8
895,Illkirch8
896,Illkirch8
897,Illkirch8
898,Illkirch8
899,Illkirch8
900,Illkirch8
901,Illkirch8
902,Illkirch8
903,Illkirch8
904,Illkirch8
905,Illkirch8
906,Illkirch8
907,Illkirch8
908,Illkirch8
909,Illkirch8
910,Illkirch8
911,Illkirch8
912,Illkirch8
913,Illkirch8
914,Illkirch8
915,Illkirch8
916,Illkirch8
917,Illkirch8
918,Illkirch8
919,Illkirch8
920,Illkirch8
921,Illkirch8
922,Illkirch8
923,Illkirch8
924,Illkirch8
925,Illkirch8
926,Illkirch8
927,Illkirch8
928,Illkirch8
929,Illkirch8
930,Illkirch8
931,Illkirch8
932,Illkirch8
933,Illkirch8
934,Illkirch8
935,Illkirch8
936,Illkirch8
937,Illkirch8
938,Illkirch8
939,Illkirch8
940,Illkirch8
941,Illkirch8
942,Illkirch8
943,Illkirch8
944,Illkirch8
945,Illkirch8
946,Illkirch8
947,Illkirch8
948,Illkirch8
949,Illkirch8
950,Illkirch8
951,Illkirch8
952,Illkirch8
953,Illkirch8
954,Illkirch8
955,Illkirch8
956,Illkirch8
957,Illkirch8
958,Illkirch8
959,Illkirch8
960,Illkirch8
961,Illkirch8
962,Illkirch8
963,Illkirch8
964,Illkirch8
965,Illkirch8
966,Illkirch8
967,Illkirch8
968,Illkirch8
969,Illkirch8
970,Illkirch8
971,Illkirch8
972,Illkirch8
973,Illkirch8
974,Illkirch8
975,Illkirch8
976,Illkirch8
977,Illkirch8
978,Illkirch8
979,Illkirch8
980,Illkirch8
981,Illkirch8
982,Illkirch8
983,Illkirch8
984,Illkirch8
985,Illkirch8
986,Illkirch8
987,Illkirch8
988,Illkirch8
989,Illkirch8
990,Illkirch8
991,Illkirch8
992,Illkirch8
993,Illkirch8
994,Illkirch8
995,Illkirch8
996,Illkirch8
997,Illkirch8
998,Illkirch8
999,Illkirch8
1000,Illkirch8
1001,Illkirch8
1002,Illkirch8
1003,Illkirch8
1004,Illkirch8
1005,Illkirch8
1006,Illkirch8
1007,Illkirch8
1008,Illkirch8
1009,Illkirch8
1010,Illkirch8
1011,Illkirch8
1012,Illkirch8
1013,Illkirch8
1014,Illkirch8
1015,Illkirch8
1016,Illkirch8
1017,Illkirch8
1018,Illkirch8
1019,Illkirch8
1020,Illkirch8
1021,Illkirch8
1022,Illkirch8
1023,Illkirch8
1024,Illkirch8
1025,Illkirch8
1026,Illkirch8
1027,Illkirch8
1028,Illkirch8
1029,Illkirch8
1030,Illkirch8
1031,Illkirch8
1032,Illkirch8
1033,Illkirch8
1034,Illkirch8
1035,Illkirch8
1036,Illkirch8
1037,Illkirch8
1038,Illkirch8
1039,Illkirch8
1040,Illkirch8
1041,Illkirch8
1042,Illkirch8
1043,Illkirch8
1044,Illkirch8
1045,Illkirch8
1046,Illkirch8
1047,Illkirch8
1048,Illkirch8
1049,Illkirch8
1050,Illkirch8
1051,Illkirch8
1052,Illkirch8
1053,Illkirch8
1054,Illkirch8
1055,Illkirch8
1056,Illkirch8
1057,Illkirch8
1058,Illkirch8
1059,Illkirch8
1060,Illkirch8
1061,Illkirch8
1062,Illkirch8
1063,Illkirch8
1064,Illkirch8
1065,Illkirch8
1066,Illkirch8
1067,Illkirch8
1068,Illkirch8
1069,Illkirch8
1070,Illkirch8
1071,Illkirch8
1072,Illkirch8
1073,Illkirch8
1074,Illkirch8
1075,Illkirch8
1076,Illkirch8
1077,Illkirch8
1078,Illkirch8
1079,Illkirch8
1080,Illkirch8
1081,Illkirch8
1082,Illkirch8
1083,Illkirch8
1084,Illkirch8
1085,Illkirch8
1086,Illkirch8
1087,Illkirch8
1088,Illkirch8
1089,Illkirch8
1090,Illkirch8
1091,Illkirch8
1092,Illkirch8
1093,Illkirch8
1094,Illkirch8
1095,Illkirch8
1096,Illkirch8
1097,Illkirch8
1098,Illkirch8
1099,Illkirch8
1100,Illkirch8
1101,Illkirch8
1102,Illkirch8
1103,Illkirch8
1104,Illkirch8
1105,Illkirch8
1106,Illkirch8
1107,Illkirch8
1108,Illkirch8
1109,Illkirch8
1110,Illkirch8
1111,Illkirch8
1112,Illkirch8
1113,Illkirch8
1114,Illkirch8
1115,Illkirch8
1116,Illkirch8
1117,Illkirch8
1118,Illkirch8
1119,Illkirch8
1120,Illkirch8
1121,Illkirch8
1122,Illkirch8
1123,Illkirch8
1124,Illkirch8
1125,Illkirch8
1126,Illkirch8
1127,Illkirch8
1128,Illkirch8
1129,Illkirch8
1130,Illkirch8
1131,Illkirch8
1132,Illkirch8
1133,Illkirch8
1134,Illkirch8
1135,Illkirch8
1136,Illkirch8
1137,Illkirch8
1138,Illkirch8
1139,Illkirch8
1140,Illkirch8
1141,Illkirch8
1142,Illkirch8
1143,Illkirch8
1144,Illkirch8
1145,Illkirch8
1146,Illkirch8
1147,Illkirch8
1148,Illkirch8
1149,Illkirch8
1150,Illkirch8
1151,Illkirch8
1152,Illkirch8
1153,Illkirch8
1154,Illkirch8
1155,Illkirch8
1156,Illkirch8
1157,Illkirch8
1158,Illkirch8
1159,Illkirch8
1160,Illkirch8
1161,Illkirch8
1162,Illkirch8
1163,Illkirch8
1164,Illkirch8
1165,Illkirch8
1166,Illkirch8
1167,Illkirch8
1168,Illkirch8
1169,Illkirch8
1170,Illkirch8
1171,Illkirch8
1172,Illkirch8
1173,Illkirch8
1174,Illkirch8
1175,Illkirch8
1176,Illkirch8
1177,Illkirch8
1178,Illkirch8
1179,Illkirch8
1180,Illkirch8
1181,Illkirch8
1182,Illkirch8
1183,Illkirch8
1184,Illkirch8
1185,Illkirch8
1186,Illkirch8
1187,Illkirch8
1188,Illkirch8
1189,Illkirch8
1190,Illkirch8
1191,Illkirch8
1192,Illkirch8
1193,Illkirch8
1194,Illkirch8
1195,Illkirch8
1196,Illkirch8
1197,Illkirch8
1198,Illkirch8
1199,Illkirch8
1200,Illkirch8
1201,Illkirch8
1202,Illkirch8
1203,Illkirch8
1204,Illkirch8
1205,Illkirch8
1206,Illkirch8
1207,Illkirch8
1208,Illkirch8
1209,Illkirch8
1210,Illkirch8
1211,Illkirch8
1212,Illkirch8
1213,Illkirch8
1214,Illkirch8
1215,Illkirch8
1216,Illkirch8
1217,Illkirch8
1218,Illkirch8
1219,Illkirch8
1220,Illkirch8
1221,Illkirch8
1222,Illkirch8
1223,Illkirch8
1224,Illkirch8
1225,Illkirch8
1226,Illkirch8
1227,Illkirch8
1228,Illkirch8
1229,Illkirch8
1230,Illkirch8
1231,Illkirch8
1232,Illkirch8
1233,Illkirch8
1234,Illkirch8
1235,Illkirch8
1236,Illkirch8
1237,Illkirch8
1238,Illkirch8
1239,Illkirch8
1240,Illkirch8
1241,Illkirch8
1242,Illkirch8
1243,Illkirch8
1244,Illkirch8
1245,Illkirch8
1246,Illkirch8
1247,Illkirch8
1248,Illkirch8
1249,Illkirch8
1250,Illkirch8
1251,Illkirch8
1252,Illkirch8
1253,Illkirch8
1254,Illkirch8
1255,Illkirch8
1256,Illkirch8
1257,Illkirch8
1258,Illkirch8
1259,Illkirch8
1260,Illkirch8
1261,Illkirch8
1262,Illkirch8
1263,Illkirch8
1264,Illkirch8
1265,Illkirch8
1266,Illkirch8
1267,Illkirch8
1268,Illkirch8
1269,Illkirch8
1270,Illkirch8
1271,Illkirch8
1272,Illkirch8
1273,Illkirch8
1274,Illkirch8
1275,Illkirch8
1276,Illkirch8
1277,Illkirch8
1278,Illkirch8
1279,Illkirch8
1280,Illkirch8
1281,Illkirch8
1282,Illkirch8
1283,Illkirch8
1284,Illkirch8
1285,Illkirch8
1286,Illkirch8
1287,Illkirch8
1288,Illkirch8
1289,Illkirch8
1290,Illkirch8
1291,Illkirch8
1292,Illkirch8
1293,Illkirch8
1294,Illkirch8
1295,Illkirch8
1296,Illkirch8
1297,Illkirch8
1298,Illkirch8
1299,Illkirch8
1300,Illkirch8
1301,Illkirch8
1302,Illkirch8
1303,Illkirch8
1304,Illkirch8
1305,Illkirch8
1306,Illkirch8
1307,Illkirch8
1308,Illkirch8
1309,Illkirch8
1310,Illkirch8
1311,Illkirch8
1312,Illkirch8
1313,Illkirch8
1314,Illkirch8
1315,Illkirch8
1316,Illkirch8
1317,Illkirch8
1318,Illkirch8
1319,Illkirch8
1320,Illkirch8
1321,Illkirch8
1322,Illkirch8
1323,Illkirch8
1324,Illkirch8
1325,Illkirch8
1326,Illkirch8
1327,Illkirch8
1328,Illkirch8
1329,Illkirch8
1330,Illkirch8
1331,Illkirch8
1332,Illkirch8
1333,Illkirch8
1334,Illkirch8
1335,Illkirch8
1336,Illkirch8
1337,Illkirch8
1338,Illkirch8
1339,Illkirch8
1340,Illkirch8
1341,Illkirch8
1342,Illkirch8
1343,Illkirch8
1344,Illkirch8
1345,Illkirch8
1346,Illkirch8
1347,Illkirch8
1348,Illkirch8
1349,Illkirch8
1350,Illkirch8
1351,Illkirch8
1352,Illkirch8
1353,Illkirch8
1354,Illkirch8
1355,Illkirch8
1356,Illkirch8
1357,Illkirch8
1358,Illkirch8
1359,Illkirch8
1360,Illkirch8
1361,Illkirch8
1362,Illkirch8
1363,Illkirch8
1364,Illkirch8
1365,Illkirch8
1366,Illkirch8
1367,Illkirch8
1368,Illkirch8
1369,Illkirch8
1370,Illkirch8
1371,Illkirch8
1372,Illkirch8
1373,Illkirch8
1374,Illkirch8
1375,Illkirch8
1376,Illkirch8
1377,Illkirch8
1378,Illkirch8
1379,Illkirch8
1380,Illkirch8
1381,Illkirch8
1382,Illkirch8
1383,Illkirch8
1384,Illkirch8
1385,Illkirch8
1386,Illkirch8
1387,Illkirch8
1388,Illkirch8
1389,Illkirch8
1390,Illkirch8
1391,Illkirch8
1392,Illkirch8
1393,Illkirch8
1394,Illkirch8
1395,Illkirch8
1396,Illkirch8
1397,Illkirch8
1398,Illkirch8
1399,Illkirch8
1400,Illkirch8
1401,Illkirch8
1402,Illkirch8
1403,Illkirch8
1404,Illkirch8
1405,Illkirch8
1406,Illkirch8
1407,Illkirch8
1408,Illkirch8
1409,Illkirch8
1410,Illkirch8
1411,Illkirch8
1412,Illkirch8
1413,Illkirch8
1414,Illkirch8
1415,Illkirch8
1416,Illkirch8
1417,Illkirch8
1418,Illkirch8
1419,Illkirch8
1420,Illkirch8
1421,Illkirch8
1422,Illkirch8
1423,Illkirch10
1424,Illkirch10
1425,Illkirch10
1426,Illkirch10
1427,Illkirch10
1428,Illkirch10
1429,Illkirch10
1430,Illkirch10
1431,Illkirch10
1432,Illkirch10
1433,Illkirch10
1434,Illkirch10
1435,Illkirch10
1436,Illkirch10
1437,Illkirch10
1438,Illkirch10
1439,Illkirch10
1440,Illkirch10
1441,Illkirch10
1442,Illkirch10
1443,Illkirch10
1444,Illkirch10
1445,Illkirch10
1446,Illkirch10
1447,Illkirch10
1448,Illkirch10
1449,Illkirch10
1450,Illkirch10
1451,Illkirch10
1452,Illkirch10
1453,Illkirch10
1454,Illkirch10
1455,Illkirch10
1456,Illkirch10
1457,Illkirch10
1458,Illkirch10
1459,Illkirch10
1460,Illkirch10
1461,Illkirch10
1462,Illkirch10
1463,Illkirch10
1464,Illkirch10
1465,Illkirch10
1466,Illkirch10
1467,Illkirch10
1468,Illkirch10
1469,Illkirch10
1470,Illkirch10
1471,Illkirch10
1472,Illkirch10
1473,Illkirch10
1474,Illkirch10
1475,Illkirch10
1476,Illkirch10
1477,Illkirch10
1478,Illkirch10
1479,Illkirch10
1480,Illkirch10
1481,Illkirch10
1482,Illkirch10
1483,Illkirch10
1484,Illkirch10
1485,Illkirch10
1486,Illkirch10
1487,Illkirch10
1488,Illkirch10
1489,Illkirch10
1490,Illkirch10
1491,Illkirch10
1492,Illkirch10
1493,Illkirch10
1494,Illkirch10
1495,Illkirch10
1496,Illkirch10
1497,Illkirch10
1498,Illkirch10
1499,Illkirch10
1500,Illkirch10
1501,Illkirch10
1502,Illkirch10
1503,Illkirch10
1504,Illkirch10
1505,Illkirch10
1506,Illkirch10
1507,Illkirch10
1508,Illkirch10
1509,Illkirch10
1510,Illkirch10
1511,Illkirch10
1512,Illkirch10
1513,Illkirch10
1514,Illkirch10
1515,Illkirch10
1516,Illkirch10
1517,Illkirch10
1518,Illkirch10
1519,Illkirch10
1520,Illkirch10
1521,Illkirch10
1522,Illkirch10
1523,Illkirch10
1524,Illkirch10
1525,Illkirch10
1526,Illkirch10
1527,Illkirch10
1528,Illkirch10
1529,Illkirch10
1530,Illkirch10
1531,Illkirch10
1532,Illkirch10
1533,Illkirch10
1534,Illkirch10
1535,Illkirch10
1536,Illkirch10
1537,Illkirch10
1538,Illkirch10
1539,Illkirch10
1540,Illkirch10
1541,Illkirch10
1542,Illkirch10
1543,Illkirch10
1544,Illkirch10
1545,Illkirch10
1546,Illkirch10
1547,Illkirch10
1548,Illkirch10
1549,Illkirch10
1550,Illkirch10
1551,Illkirch10
1552,Illkirch10
1553,Illkirch10
1554,Illkirch10
1555,Illkirch10
1556,Illkirch10
1557,Illkirch10
1558,Illkirch10
1559,Illkirch10
1560,Illkirch10
1561,Illkirch10
1562,Illkirch10
1563,Illkirch10
1564,Illkirch10
1565,Illkirch10
1566,Illkirch10
1567,Illkirch10
1568,Illkirch10
1569,Illkirch10
1570,Illkirch10
1571,Illkirch10
1572,Illkirch10
1573,Illkirch10
1574,Illkirch10
1575,Illkirch10
1576,Illkirch10
1577,Illkirch10
1578,Illkirch10
1579,Illkirch10
1580,Illkirch10
1581,Illkirch10
1582,Illkirch10
1583,Illkirch10
1584,Illkirch10
1585,Illkirch10
1586,Illkirch10
1587,Illkirch10
1588,Illkirch10
1589,Illkirch10
1590,Illkirch10
1591,Illkirch10
1592,Illkirch10
1593,Illkirch10
1594,Illkirch10
1595,Illkirch10
1596,Illkirch10
1597,Illkirch10
1598,Illkirch10
1599,Illkirch10
1600,Illkirch10
1601,Illkirch10
1602,Illkirch10
1603,Illkirch10
1604,Illkirch10
1605,Illkirch10
1606,Illkirch10
1607,Illkirch10
1608,Illkirch10
1609,Illkirch10
1610,Illkirch10
1611,Illkirch10
1612,Illkirch10
1613,Illkirch10
1614,Illkirch10
1615,Illkirch10
1616,Illkirch10
1617,Illkirch10
1618,Illkirch10
1619,Illkirch10
1620,Illkirch10
1621,Illkirch10
1622,Illkirch10
1623,Illkirch10
1624,Illkirch10
1625,Illkirch10
1626,Illkirch10
1627,Illkirch10
1628,Illkirch10
1629,Illkirch10
1630,Illkirch10
1631,Illkirch10
1632,Illkirch10
1633,Illkirch10
1634,Illkirch10
1635,Illkirch10
1636,Illkirch10
1637,Illkirch10
1638,Illkirch10
1639,Illkirch10
1640,Illkirch10
1641,Illkirch10
1642,Illkirch10
1643,Illkirch10
1644,Illkirch10
1645,Illkirch10
1646,Illkirch10
1647,Illkirch10
1648,Illkirch10
1649,Illkirch10
1650,Illkirch10
1651,Illkirch10
1652,Illkirch10
1653,Illkirch10
1654,Illkirch10
1655,Illkirch10
1656,Illkirch10
1657,Illkirch10
1658,Illkirch10
1659,Illkirch10
1660,Illkirch10
1661,Illkirch10
1662,Illkirch10
1663,Illkirch10
1664,Illkirch10
1665,Illkirch10
1666,Illkirch10
1667,Illkirch10
1668,Illkirch10
1669,Illkirch10
1670,Illkirch10
1671,Illkirch10
1672,Illkirch10
1673,Illkirch10
1674,Illkirch10
1675,Illkirch10
1676,Illkirch10
1677,Illkirch10
1678,Illkirch10
1679,Illkirch10
1680,Illkirch10
1681,Illkirch10
1682,Illkirch10
1683,Illkirch10
1684,Illkirch10
1685,Illkirch10
1686,Illkirch10
1687,Illkirch10
1688,Illkirch10
1689,Illkirch10
1690,Illkirch10
1691,Illkirch10
1692,Illkirch10
1693,Illkirch10
1694,Illkirch10
1695,Illkirch10
1696,Illkirch10
1697,Illkirch10
1698,Illkirch10
1699,Illkirch10
1700,Illkirch10
1701,Illkirch10
1702,Illkirch10
1703,Illkirch10
1704,Illkirch10
1705,Illkirch10
1706,Illkirch10
1707,Illkirch10
1708,Illkirch10
1709,Illkirch10
1710,Illkirch10
1711,Illkirch10
1712,Illkirch10
1713,Illkirch10
1714,Illkirch10
1715,Illkirch10
1716,Illkirch10
1717,Illkirch10
1718,Illkirch10
1719,Illkirch10
1720,Illkirch10
1721,Illkirch10
1722,Illkirch10
1723,Illkirch10
1724,Illkirch10
1725,Illkirch10
1726,Illkirch10
1727,Illkirch10
1728,Illkirch10
1729,Illkirch10
1730,Illkirch10
1731,Illkirch10
1732,Illkirch10
1733,Illkirch10
1734,Illkirch10
1735,Illkirch10
1736,Illkirch10
1737,Illkirch10
1738,Illkirch10
1739,Illkirch10
1740,Illkirch10
1741,Illkirch10
1742,Illkirch10
1743,Illkirch10
1744,Illkirch10
1745,Illkirch10
1746,Illkirch10
1747,Illkirch10
1748,Illkirch10
1749,Illkirch10
1750,Illkirch10
1751,Illkirch10
1752,Illkirch10
1753,Illkirch10
1754,Illkirch10
1755,Illkirch10
1756,Illkirch10
1757,Illkirch10
1758,Illkirch10
1759,Illkirch10
1760,Illkirch10
1761,Illkirch10
1762,Illkirch10
1763,Illkirch10
1764,Illkirch10
1765,Illkirch10
1766,Illkirch10
1767,Illkirch10
1768,Illkirch10
1769,Illkirch10
1770,Illkirch10
1771,Illkirch10
1772,Illkirch10
1773,Louvigny1
1774,Louvigny1
1775,Louvigny1
1776,Louvigny1
1777,Louvigny1
1778,Louvigny1
1779,Louvigny1
1780,Louvigny1
1781,Louvigny1
1782,Louvigny1
1783,Louvigny1
1784,Louvigny1
1785,Louvigny1
1786,Louvigny1
1787,Louvigny1
1788,Louvigny1
1789,Louvigny1
1790,Louvigny1
1791,Louvigny1
1792,Louvigny1
1793,Louvigny1
1794,Louvigny1
1795,Louvigny1
1796,Louvigny1
1797,Louvigny1
1798,Louvigny1
1799,Louvigny1
1800,Louvigny1
1801,Louvigny1
1802,Louvigny1
1803,Louvigny1
1804,Louvigny1
1805,Louvigny1
1806,Louvigny1
1807,Louvigny1
1808,Louvigny1
1809,Louvigny1
1810,Louvigny1
1811,Louvigny1
1812,Louvigny1
1813,Louvigny1
1814,Louvigny1
1815,Louvigny1
1816,Louvigny1
1817,Louvigny1
1818,Louvigny1
1819,Louvigny1
1820,Louvigny1
1821,Louvigny1
1822,Louvigny1
1823,Louvigny1
1824,Louvigny1
1825,Louvigny1
1826,Louvigny1
1827,Louvigny1
1828,Louvigny1
1829,Louvigny1
1830,Louvigny1
1831,Louvigny1
1832,Louvigny1
1833,Louvigny1
1834,Louvigny1
1835,Louvigny1
1836,Louvigny1
1837,Louvigny1
1838,Louvigny1
1839,Louvigny1
1840,Louvigny1
1841,Louvigny1
1842,Louvigny1
1843,Louvigny1
1844,Louvigny1
1845,Louvigny1
1846,Louvigny1
1847,Louvigny1
1848,Louvigny1
1849,Louvigny1
1850,Louvigny1
1851,Louvigny1
1852,Louvigny1
1853,Louvigny1
1854,Louvigny1
1855,Louvigny1
1856,Louvigny1
1857,Louvigny1
1858,Louvigny1
1859,Louvigny1
1860,Louvigny1
1861,Louvigny1
1862,Louvigny1
1863,Louvigny1
1864,Louvigny1
1865,Louvigny1
1866,Louvigny1
1867,Louvigny1
1868,Louvigny1
1869,Louvigny1
1870,Louvigny1
1871,Louvigny1
1872,Louvigny1
1873,Louvigny1
1874,Louvigny1
1875,Louvigny1
1876,Louvigny1
1877,Louvigny1
1878,Louvigny1
1879,Louvigny1
1880,Louvigny1
1881,Louvigny1
1882,Louvigny1
1883,Louvigny1
1884,Louvigny1
1885,Louvigny1
1886,Louvigny1
1887,Louvigny1
1888,Louvigny1
1889,Louvigny1
1890,Louvigny1
1891,Louvigny1
1892,Louvigny1
1893,Louvigny1
1894,Louvigny1
1895,Louvigny1
1896,Louvigny1
1897,Louvigny1
1898,Louvigny1
1899,Louvigny1
1900,Louvigny1
1901,Louvigny1
1902,Louvigny1
1903,Louvigny1
1904,Louvigny1
1905,Louvigny1
1906,Louvigny1
1907,Louvigny1
1908,Louvigny1
1909,Louvigny1
1910,Louvigny1
1911,Louvigny1
1912,Louvigny1
1913,Louvigny1
1914,Louvigny1
1915,Louvigny1
1916,Louvigny1
1917,Louvigny1
1918,Louvigny1
1919,Louvigny1
1920,Louvigny1
1921,Louvigny1
1922,Louvigny1
1923,Louvigny1
1924,Louvigny1
1925,Louvigny1
1926,Louvigny1
1927,Louvigny1
1928,Louvigny1
1929,Louvigny1
1930,Louvigny1
1931,Louvigny1
1932,Louvigny1
1933,Louvigny1
1934,Louvigny1
1935,Louvigny1
1936,Louvigny1
1937,Louvigny1
1938,Louvigny1
1939,Louvigny1
1940,Louvigny1
1941,Louvigny1
1942,Louvigny1
1943,Louvigny1
1944,Louvigny1
1945,Louvigny1
1946,Louvigny1
1947,Louvigny1
1948,Louvigny1
1949,Louvigny1
1950,Louvigny1
1951,Louvigny1
1952,Louvigny1
1953,Louvigny1
1954,Louvigny1
1955,Louvigny1
1956,Louvigny1
1957,Louvigny1
1958,Louvigny1
1959,Louvigny1
1960,Louvigny1
1961,Louvigny1
1962,Louvigny1
1963,Louvigny1
1964,Louvigny1
1965,Louvigny1
1966,Louvigny1
1967,Louvigny1
1968,Louvigny1
1969,Louvigny1
1970,Louvigny1
1971,Louvigny1
1972,Louvigny1
1973,Louvigny1
1974,Louvigny1
1975,Louvigny1
1976,Louvigny1
1977,Louvigny1
1978,Louvigny1
1979,Louvigny1
1980,Louvigny1
1981,Louvigny1
1982,Louvigny1
1983,Louvigny1
1984,Louvigny1
1985,Louvigny1
1986,Louvigny1
1987,Louvigny1
1988,Louvigny1
1989,Louvigny1
1990,Louvigny1
1991,Louvigny1
1992,Louvigny1
1993,Louvigny1
1994,Louvigny1
1995,Louvigny1
1996,Louvigny1
1997,Louvigny1
1998,Louvigny1
1999,Louvigny1
2000,Louvigny1
2001,Louvigny1
2002,Louvigny1
2003,Louvigny1
2004,Louvigny1
2005,Louvigny1
2006,Louvigny1
2007,Louvigny1
2008,Louvigny1
2009,Louvigny1
2010,Louvigny1
2011,Louvigny1
2012,Louvigny1
2013,Louvigny1
2014,Louvigny1
2015,Louvigny1
2016,Louvigny1
2017,Louvigny1
2018,Louvigny1
2019,Louvigny1
2020,Louvigny1
2021,Louvigny1
2022,Louvigny1
2023,Louvigny1
2024,Louvigny1
2025,Louvigny1
2026,Louvigny1
2027,Louvigny1
2028,Louvigny1
2029,Louvigny1
2030,Louvigny1
2031,Louvigny1
2032,Louvigny1
2033,Louvigny1
2034,Louvigny1
2035,Louvigny1
2036,Louvigny1
2037,Louvigny1
2038,Louvigny1
2039,Louvigny1
2040,Louvigny1
2041,Louvigny1
2042,Louvigny1
2043,Louvigny1
2044,Louvigny1
2045,Louvigny1
2046,Louvigny1
2047,Louvigny1
2048,Louvigny1
2049,Louvigny1
2050,Louvigny1
2051,Louvigny1
2052,Louvigny1
2053,Louvigny1
2054,Louvigny1
2055,Louvigny1
2056,Louvigny1
2057,Louvigny1
2058,Louvigny1
2059,Louvigny1
2060,Louvigny1
2061,Louvigny1
2062,Louvigny1
2063,Louvigny1
2064,Louvigny1
2065,Louvigny1
2066,Louvigny1
2067,Louvigny1
2068,Louvigny1
2069,Louvigny1
2070,Louvigny1
2071,Louvigny1
2072,Louvigny1
2073,Louvigny1
2074,Louvigny1
2075,Louvigny1
2076,Louvigny1
2077,Louvigny1
2078,Louvigny1
2079,Louvigny1
2080,Louvigny1
2081,Louvigny1
2082,Louvigny1
2083,Louvigny1
2084,Louvigny1
2085,Louvigny1
2086,Louvigny1
2087,Louvigny1
2088,Louvigny1
2089,Louvigny1
2090,Louvigny1
2091,Louvigny1
2092,Louvigny1
2093,Louvigny1
2094,Louvigny1
2095,Louvigny1
2096,Louvigny1
2097,Louvigny1
2098,Louvigny1
2099,Louvigny1
2100,Louvigny1
2101,Louvigny1
2102,Louvigny1
2103,Louvigny1
2104,Louvigny1
2105,Louvigny1
2106,Louvigny1
2107,Louvigny1
2108,Louvigny1
2109,Louvigny1
2110,Louvigny1
2111,Louvigny1
2112,Louvigny1
2113,Louvigny1
2114,Louvigny1
2115,Louvigny1
2116,Louvigny1
2117,Louvigny1
2118,Louvigny1
2119,Louvigny1
2120,Louvigny1
2121,Louvigny1
2122,Louvigny1
2123,Louvigny1
2124,Louvigny1
2125,Louvigny1
2126,Louvigny1
2127,Louvigny1
2128,Louvigny1
2129,Louvigny1
2130,Louvigny1
2131,Louvigny1
2132,Louvigny1
2133,Louvigny1
2134,Louvigny1
2135,Louvigny1
2136,Louvigny1
2137,Louvigny1
2138,Louvigny1
2139,Louvigny1
2140,Louvigny1
2141,Louvigny1
2142,Louvigny1
2143,Louvigny1
2144,Louvigny1
2145,Louvigny1
2146,Louvigny1
2147,Louvigny1
2148,Louvigny1
2149,Louvigny1
2150,Louvigny1
2151,Louvigny1
2152,Louvigny1
2153,Louvigny1
2154,Louvigny1
2155,Louvigny1
2156,Louvigny1
2157,Louvigny1
2158,Louvigny1
2159,Louvigny1
2160,Louvigny1
2161,Louvigny1
2162,Louvigny1
2163,Louvigny1
2164,Louvigny1
2165,Louvigny1
2166,Louvigny1
2167,Louvigny1
2168,Louvigny1
2169,Louvigny1
2170,Louvigny1
2171,Louvigny1
2172,Louvigny1
2173,Louvigny1
2174,Louvigny1
2175,Louvigny1
2176,Louvigny1
2177,Louvigny1
2178,Louvigny1
2179,Louvigny1
2180,Louvigny1
2181,Louvigny1
2182,Louvigny1
2183,Louvigny1
2184,Louvigny1
2185,Louvigny1
2186,Louvigny1
2187,Louvigny1
2188,Louvigny1
2189,Louvigny1
2190,Louvigny1
2191,Louvigny1
2192,Louvigny1
2193,Louvigny1
2194,Louvigny1
2195,Louvigny1
2196,Louvigny1
2197,Louvigny1
2198,Louvigny1
2199,Louvigny1
2200,Louvigny1
2201,Louvigny1
2202,Louvigny1
2203,Louvigny1
2204,Louvigny1
2205,Louvigny1
2206,Louvigny1
2207,Louvigny1
2208,Louvigny1
2209,Louvigny1
2210,Louvigny1
2211,Louvigny1
2212,Louvigny1
2213,Louvigny1
2214,Louvigny1
2215,Louvigny1
2216,Louvigny1
2217,Louvigny1
2218,Louvigny1
2219,Louvigny1
2220,Louvigny1
2221,Louvigny1
2222,Louvigny1
2223,Louvigny1
2224,Louvigny1
2225,Louvigny1
2226,Louvigny1
2227,Louvigny1
2228,Louvigny1
2229,Louvigny1
2230,Louvigny1
2231,Louvigny1
2232,Louvigny1
2233,Louvigny1
2234,Louvigny1
2235,Louvigny1
2236,Louvigny1
2237,Louvigny1
2238,Louvigny1
2239,Louvigny1
2240,Louvigny1
2241,Louvigny1
2242,Louvigny1
2243,Louvigny1
2244,Louvigny1
2245,Louvigny1
2246,Louvigny1
2247,Louvigny1
2248,Louvigny1
2249,Louvigny1
2250,Louvigny1
2251,Louvigny1
2252,Louvigny1
2253,Louvigny1
2254,Louvigny1
2255,Louvigny1
2256,Louvigny1
2257,Louvigny1
2258,Louvigny1
2259,Louvigny1
2260,Louvigny1
2261,Louvigny1
2262,Louvigny1
2263,Louvigny1
2264,Louvigny1
2265,Louvigny1
2266,Louvigny1
2267,Louvigny1
2268,Louvigny1
2269,Louvigny1
2270,Louvigny1
2271,Louvigny1
2272,Louvigny1
2273,Louvigny1
2274,Louvigny1
2275,Louvigny1
2276,Louvigny1
2277,Louvigny1
2278,Louvigny1
2279,Louvigny1
2280,Louvigny1
2281,Louvigny1
2282,Louvigny1
2283,Louvigny1
2284,Louvigny1
2285,Louvigny1
2286,Louvigny1
2287,Louvigny1
2288,Louvigny1
2289,Louvigny2
2290,Louvigny2
2291,Louvigny2
2292,Louvigny2
2293,Louvigny2
2294,Louvigny2
2295,Louvigny2
2296,Louvigny2
2297,Louvigny2
2298,Louvigny2
2299,Louvigny2
2300,Louvigny2
2301,Louvigny2
2302,Louvigny2
2303,Louvigny2
2304,Louvigny2
2305,Louvigny2
2306,Louvigny2
2307,Louvigny2
2308,Louvigny2
2309,Louvigny2
2310,Louvigny2
2311,Louvigny2
2312,Louvigny2
2313,Louvigny2
2314,Louvigny2
2315,Louvigny2
2316,Louvigny2
2317,Louvigny2
2318,Louvigny2
2319,Louvigny2
2320,Louvigny2
2321,Louvigny2
2322,Louvigny2
2323,Louvigny2
2324,Louvigny2
2325,Louvigny2
2326,Louvigny2
2327,Louvigny2
2328,Louvigny2
2329,Louvigny2
2330,Louvigny2
2331,Louvigny2
2332,Louvigny2
2333,Louvigny2
2334,Louvigny2
2335,Louvigny2
2336,Louvigny2
2337,Louvigny2
2338,Louvigny2
2339,Louvigny2
2340,Louvigny2
2341,Louvigny2
2342,Louvigny2
2343,Louvigny2
2344,Louvigny2
2345,Louvigny2
2346,Louvigny2
2347,Louvigny2
2348,Louvigny2
2349,Louvigny2
2350,Louvigny2
2351,Louvigny2
2352,Louvigny2
2353,Louvigny2
2354,Louvigny2
2355,Louvigny2
2356,Louvigny2
2357,Louvigny2
2358,Louvigny2
2359,Louvigny2
2360,Louvigny2
2361,Louvigny2
2362,Louvigny2
2363,Louvigny2
2364,Louvigny2
2365,Louvigny2
2366,Louvigny2
2367,Louvigny2
2368,Louvigny2
2369,Louvigny2
2370,Louvigny2
2371,Louvigny2
2372,Louvigny2
2373,Louvigny2
2374,Louvigny2
2375,Louvigny2
2376,Louvigny2
2377,Louvigny2
2378,Louvigny2
2379,Louvigny2
2380,Louvigny2
2381,Louvigny2
2382,Louvigny2
2383,Louvigny2
2384,Louvigny2
2385,Louvigny2
2386,Louvigny2
2387,Louvigny2
2388,Louvigny2
2389,Louvigny2
2390,Louvigny2
2391,Louvigny2
2392,Louvigny2
2393,Louvigny2
2394,Louvigny2
2395,Louvigny2
2396,Louvigny2
2397,Louvigny2
2398,Louvigny2
2399,Louvigny2
2400,Louvigny2
2401,Louvigny2
2402,Louvigny2
2403,Louvigny2
2404,Louvigny2
2405,Louvigny2
2406,Louvigny2
2407,Louvigny2
2408,Louvigny2
2409,Louvigny2
2410,Louvigny2
2411,Louvigny2
2412,Louvigny2
2413,Louvigny2
2414,Louvigny2
2415,Louvigny2
2416,Louvigny2
2417,Louvigny2
2418,Louvigny2
2419,Louvigny2
2420,Louvigny2
2421,Louvigny2
2422,Louvigny2
2423,Louvigny2
2424,Louvigny2
2425,Louvigny2
2426,Louvigny2
2427,Louvigny2
2428,Louvigny2
2429,Louvigny2
2430,Louvigny2
2431,Louvigny2
2432,Louvigny2
2433,Louvigny2
2434,Louvigny2
2435,Louvigny2
2436,Louvigny2
2437,Louvigny2
2438,Louvigny2
2439,Louvigny2
2440,Louvigny2
2441,Louvigny2
2442,Louvigny2
2443,Louvigny2
2444,Louvigny2
2445,Louvigny2
2446,Louvigny2
2447,Louvigny2
2448,Louvigny2
2449,Louvigny2
2450,Louvigny2
2451,Louvigny2
2452,Louvigny2
2453,Louvigny2
2454,Louvigny2
2455,Louvigny2
2456,Louvigny2
2457,Louvigny2
2458,Louvigny2
2459,Louvigny2
2460,Louvigny2
2461,Louvigny2
2462,Louvigny2
2463,Louvigny2
2464,Louvigny2
2465,Louvigny2
2466,Louvigny2
2467,Louvigny2
2468,Louvigny2
2469,Louvigny2
2470,Louvigny2
2471,Louvigny2
2472,Louvigny2
2473,Louvigny2
2474,Louvigny2
2475,Louvigny2
2476,Louvigny2
2477,Louvigny2
2478,Louvigny2
2479,Louvigny2
2480,Louvigny2
2481,Louvigny2
2482,Louvigny2
2483,Louvigny2
2484,Louvigny2
2485,Louvigny2
2486,Louvigny2
2487,Louvigny2
2488,Louvigny2
2489,Louvigny2
2490,Louvigny2
2491,Louvigny2
2492,Louvigny2
2493,Louvigny2
2494,Louvigny2
2495,Louvigny2
2496,Louvigny2
2497,Louvigny2
2498,Louvigny2
2499,Louvigny2
2500,Louvigny2
2501,Louvigny2
2502,Louvigny2
2503,Louvigny2
2504,Louvigny2
2505,Louvigny2
2506,Louvigny2
2507,Louvigny2
2508,Louvigny2
2509,Louvigny2
2510,Louvigny2
2511,Louvigny2
2512,Louvigny2
2513,Louvigny2
2514,Louvigny2
2515,Louvigny2
2516,Louvigny2
2517,Louvigny2
2518,Louvigny2
2519,Louvigny2
2520,Louvigny2
2521,Louvigny2
2522,Louvigny2
2523,Louvigny2
2524,Louvigny2
2525,Louvigny2
2526,Louvigny2
2527,Louvigny2
2528,Louvigny2
2529,Louvigny2
2530,Louvigny2
2531,Louvigny2
2532,Louvigny2
2533,Louvigny2
2534,Louvigny2
2535,Louvigny2
2536,Louvigny2
2537,Louvigny2
2538,Louvigny2
2539,Louvigny2
2540,Louvigny2
2541,Louvigny2
2542,Louvigny2
2543,Louvigny2
2544,Louvigny2
2545,Louvigny2
2546,Louvigny2
2547,Louvigny2
2548,Louvigny2
2549,Louvigny2
2550,Louvigny2
2551,Louvigny2
2552,Louvigny2
2553,Louvigny2
2554,Louvigny2
2555,Louvigny2
2556,Louvigny2
2557,Louvigny2
2558,Louvigny2
2559,Louvigny2
2560,Louvigny2
2561,Louvigny2
2562,Louvigny2
2563,Louvigny2
2564,Louvigny2
2565,Louvigny2
2566,Louvigny2
2567,Louvigny2
2568,Louvigny2
2569,Louvigny2
2570,Louvigny2
2571,Louvigny2
2572,Louvigny2
2573,Louvigny2
2574,Louvigny2
2575,Louvigny2
2576,Louvigny2
2577,Louvigny2
2578,Louvigny2
2579,Louvigny2
2580,Louvigny2
2581,Louvigny2
2582,Louvigny2
2583,Louvigny2
2584,Louvigny2
2585,Louvigny2
2586,Louvigny2
2587,Louvigny2
2588,Louvigny2
2589,Louvigny2
2590,Louvigny2
2591,Louvigny2
2592,Louvigny2
2593,Louvigny2
2594,Louvigny2
2595,Louvigny2
2596,Louvigny2
2597,Louvigny2
2598,Louvigny2
2599,Louvigny2
2600,Louvigny2
2601,Louvigny2
2602,Louvigny2
2603,Louvigny2
2604,Louvigny2
2605,Louvigny2
2606,Louvigny2
2607,Louvigny2
2608,Louvigny2
2609,Louvigny2
2610,Louvigny2
2611,Louvigny2
2612,Louvigny2
2613,Louvigny2
2614,Louvigny2
2615,Louvigny2
2616,Louvigny2
2617,Louvigny2
2618,Louvigny2
2619,Louvigny2
2620,Louvigny2
2621,Louvigny2
2622,Louvigny2
2623,Louvigny2
2624,Louvigny2
2625,Louvigny2
2626,Louvigny2
2627,Louvigny2
2628,Louvigny2
2629,Louvigny2
2630,Louvigny2
2631,Louvigny2
2632,Louvigny2
2633,Louvigny2
2634,Louvigny2
2635,Louvigny2
2636,Louvigny2
2637,Louvigny2
2638,Louvigny2
2639,Louvigny2
2640,Louvigny2
2641,Louvigny2
2642,Louvigny2
2643,Louvigny2
2644,Louvigny2
2645,Louvigny2
2646,Louvigny2
2647,Louvigny2
2648,Louvigny2
2649,Louvigny2
2650,Louvigny2
2651,Louvigny2
2652,Louvigny2
2653,Louvigny2
2654,Louvigny2
2655,Louvigny2
2656,Louvigny2
2657,Louvigny2
2658,Louvigny2
2659,Louvigny2
2660,Louvigny2
2661,Louvigny2
2662,Louvigny2
2663,Louvigny2
2664,Louvigny2
2665,Louvigny2
2666,Louvigny2
2667,Louvigny2
2668,Louvigny2
2669,Louvigny2
2670,Louvigny2
2671,Louvigny2
2672,Louvigny2
2673,Louvigny2
2674,Louvigny2
2675,Louvigny2
2676,Louvigny2
2677,Louvigny2
2678,Louvigny2
2679,Louvigny2
2680,Louvigny2
2681,Louvigny2
2682,Louvigny2
2683,Louvigny2
2684,Louvigny2
2685,Louvigny2
2686,Louvigny2
2687,Louvigny2
2688,Louvigny2
2689,Louvigny2
2690,Louvigny2
2691,Louvigny2
2692,Louvigny2
2693,Louvigny2
2694,Louvigny2
2695,Louvigny2
2696,Louvigny2
2697,Louvigny2
2698,Louvigny2
2699,Louvigny2
2700,Louvigny2
2701,Louvigny2
2702,Louvigny2
2703,Louvigny2
2704,Louvigny2
2705,Louvigny2
2706,Louvigny2
2707,Louvigny2
2708,Louvigny2
2709,Louvigny2
2710,Louvigny2
2711,Louvigny2
2712,Louvigny2
2713,Louvigny2
2714,Louvigny2
2715,Louvigny2
2716,Louvigny2
2717,Louvigny2
2718,Louvigny2
2719,Louvigny2
2720,Louvigny2
2721,Louvigny2
2722,Louvigny2
2723,Louvigny2
2724,Louvigny2
2725,Louvigny2
2726,Louvigny2
2727,Louvigny2
2728,Louvigny2
2729,Louvigny2
2730,Louvigny2
2731,Louvigny2
2732,Louvigny2
2733,Louvigny2
2734,Louvigny2
2735,Louvigny2
2736,Louvigny2
2737,Louvigny2
2738,Louvigny2
2739,Louvigny2
2740,Louvigny2
2741,Louvigny2
2742,Louvigny2
2743,Louvigny2
2744,Louvigny2
2745,Louvigny2
2746,Louvigny2
2747,Louvigny2
2748,Louvigny2
2749,Louvigny2
2750,Louvigny2
2751,Louvigny2
2752,Louvigny2
2753,Louvigny2
2754,Louvigny2
2755,Louvigny2
2756,Louvigny2
2757,Louvigny2
2758,Louvigny2
2759,Louvigny2
2760,Louvigny2
2761,Louvigny2
2762,Louvigny2
2763,Louvigny2
2764,Louvigny2
2765,Louvigny2
2766,Louvigny2
2767,Louvigny2
2768,Louvigny2
2769,Louvigny2
2770,Louvigny2
2771,Louvigny2
2772,Louvigny2
2773,Louvigny2
2774,Louvigny2
2775,Louvigny2
2776,Louvigny2
2777,Louvigny2
2778,Louvigny2
2779,Louvigny2
2780,Louvigny2
2781,Louvigny2
2782,Louvigny2
2783,Louvigny2
2784,Louvigny2
2785,Louvigny2
2786,Louvigny2
2787,Louvigny2
2788,Louvigny2
2789,Louvigny2
2790,Louvigny2
2791,Louvigny2
2792,Louvigny2
2793,Louvigny2
2794,Louvigny2
2795,Louvigny2
2796,Louvigny2
2797,Louvigny2
2798,Louvigny2
2799,Louvigny2
2800,Louvigny2
2801,Louvigny2
2802,Louvigny2
2803,Louvigny2
2804,Louvigny2
2805,Louvigny2
2806,Louvigny2
2807,Louvigny2
2808,Louvigny2
2809,Louvigny2
2810,Louvigny2
2811,Louvigny2
2812,Louvigny2
2813,Louvigny2
2814,Louvigny2
2815,Louvigny2
2816,Louvigny2
2817,Louvigny2
2818,Louvigny2
2819,Louvigny2
2820,Louvigny2
2821,Louvigny2
2822,Louvigny2
2823,Louvigny2
2824,Louvigny2
2825,Louvigny2
2826,Louvigny2
2827,Louvigny2
2828,Louvigny2
2829,Louvigny2
2830,Louvigny2
2831,Louvigny2
2832,Louvigny2
2833,Louvigny2
2834,Louvigny2
2835,Louvigny2
